manageNumber,variantId,skuInfo
smarttanpaku,pmattcha13,種類:抹茶
smarttanpaku,pmixedberries14,種類:ミックスベリー
smarttanpaku,pchocolate10,種類:チョコレート
smarttanpaku,pyogurt12,種類:ヨーグルト
smarttanpaku,pcafeaulait11,種類:カフェオレ
smarttanpaku-ss,pmattcha13,種類:抹茶
smarttanpaku-ss,pmixedberries14,種類:ミックスベリー
smarttanpaku-ss,pchocolate10,種類:チョコレート
smarttanpaku-ss,pyogurt12,種類:ヨーグルト
smarttanpaku-ss,pcafeaulait11,種類:カフェオレ
smarttanpaku1000,pmattcha17_1000,種類:抹茶
smarttanpaku1000,pyogurt115_1000,種類:ヨーグルト
smarttanpaku1000,pmixedberries16_1000,種類:ミックスベリー
smarttanpaku1000-ss,pmattcha17_1000,種類:抹茶
smarttanpaku1000-ss,pyogurt115_1000,種類:ヨーグルト
smarttanpaku1000-ss,pmixedberries16_1000,種類:ミックスベリー
smarttanpaku1000_2,mama27_1000_2,フレーバー1:抹茶 フレーバー2:抹茶
smarttanpaku1000_2,mma26_1000_2,フレーバー1:ミックスベリー フレーバー2:抹茶
smarttanpaku1000_2,ym28_1000_2,フレーバー1:ヨーグルト フレーバー2:ミックスベリー
smarttanpaku1000_2,mam27_1000_2,フレーバー1:抹茶 フレーバー2:ミックスベリー
smarttanpaku1000_2,mm26_1000_2,フレーバー1:ミックスベリー フレーバー2:ミックスベリー
smarttanpaku1000_2,yma28_1000_2,フレーバー1:ヨーグルト フレーバー2:抹茶
smarttanpaku1000_2,my26_1000_2,フレーバー1:ミックスベリー フレーバー2:ヨーグルト
smarttanpaku1000_2,yy28_1000_2,フレーバー1:ヨーグルト フレーバー2:ヨーグルト
smarttanpaku1000_2,may27_1000_2,フレーバー1:抹茶 フレーバー2:ヨーグルト
smarttanpaku1000_2-ss,mama27_1000_2,フレーバー1:抹茶 フレーバー2:抹茶
smarttanpaku1000_2-ss,mma26_1000_2,フレーバー1:ミックスベリー フレーバー2:抹茶
smarttanpaku1000_2-ss,ym28_1000_2,フレーバー1:ヨーグルト フレーバー2:ミックスベリー
smarttanpaku1000_2-ss,mam27_1000_2,フレーバー1:抹茶 フレーバー2:ミックスベリー
smarttanpaku1000_2-ss,mm26_1000_2,フレーバー1:ミックスベリー フレーバー2:ミックスベリー
smarttanpaku1000_2-ss,yma28_1000_2,フレーバー1:ヨーグルト フレーバー2:抹茶
smarttanpaku1000_2-ss,my26_1000_2,フレーバー1:ミックスベリー フレーバー2:ヨーグルト
smarttanpaku1000_2-ss,yy28_1000_2,フレーバー1:ヨーグルト フレーバー2:ヨーグルト
smarttanpaku1000_2-ss,may27_1000_2,フレーバー1:抹茶 フレーバー2:ヨーグルト
smarttanpaku1000_2_copy,mama27_1000_2_copy,フレーバー1:抹茶 フレーバー2:抹茶
smarttanpaku1000_2_copy,yma28_1000_2_copy,フレーバー1:ヨーグルト フレーバー2:抹茶
smarttanpaku1000_2_copy,ym28_1000_2_copy,フレーバー1:ヨーグルト フレーバー2:ミックスベリー
smarttanpaku1000_2_copy,my26_1000_2_copy,フレーバー1:ミックスベリー フレーバー2:ヨーグルト
smarttanpaku1000_2_copy,mm26_1000_2_copy,フレーバー1:ミックスベリー フレーバー2:ミックスベリー
smarttanpaku1000_2_copy,may27_1000_2_copy,フレーバー1:抹茶 フレーバー2:ヨーグルト
smarttanpaku1000_2_copy,yy28_1000_2_copy,フレーバー1:ヨーグルト フレーバー2:ヨーグルト
smarttanpaku1000_2_copy,mam27_1000_2_copy,フレーバー1:抹茶 フレーバー2:ミックスベリー
smarttanpaku1000_2_copy,mma26_1000_2_copy,フレーバー1:ミックスベリー フレーバー2:抹茶
smarttanpaku1000_2s,may24_1000_shaker,フレーバー:抹茶 フレーバー:ヨーグルト シェイカー:シェイカー
smarttanpaku1000_2s,yy25_1000_shaker,フレーバー:ヨーグルト フレーバー:ヨーグルト シェイカー:シェイカー
smarttanpaku1000_2s,mm23_1000_shaker,フレーバー:ミックスベリー フレーバー:ミックスベリー シェイカー:シェイカー
smarttanpaku1000_2s,mam24_1000_shaker,フレーバー:抹茶 フレーバー:ミックスベリー シェイカー:シェイカー
smarttanpaku1000_2s,mama24_1000_shaker,フレーバー:抹茶 フレーバー:抹茶 シェイカー:シェイカー
smarttanpaku1000_2s,mma23_1000_shaker,フレーバー:ミックスベリー フレーバー:抹茶 シェイカー:シェイカー
smarttanpaku1000_2s,ym25_1000_shaker,フレーバー:ヨーグルト フレーバー:ミックスベリー シェイカー:シェイカー
smarttanpaku1000_2s,yma25_1000_shaker,フレーバー:ヨーグルト フレーバー:抹茶 シェイカー:シェイカー
smarttanpaku1000_2s,my23_1000_shaker,フレーバー:ミックスベリー フレーバー:ヨーグルト シェイカー:シェイカー
smarttanpaku1000_3,ymy30_1000_3,フレーバー1:ヨーグルト フレーバー2:ミックスベリー フレーバー2:ヨーグルト
smarttanpaku1000_3,ymm30_1000_3,フレーバー1:ヨーグルト フレーバー2:ミックスベリー フレーバー2:ミックスベリー
smarttanpaku1000_3,mayy30_1000_3,フレーバー1:抹茶 フレーバー2:ヨーグルト フレーバー2:ヨーグルト
smarttanpaku1000_3,mmm29_1000_3,フレーバー1:ミックスベリー フレーバー2:ミックスベリー フレーバー2:ミックスベリー
smarttanpaku1000_3,mmy29_1000_3,フレーバー1:ミックスベリー フレーバー2:ミックスベリー フレーバー2:ヨーグルト
smarttanpaku1000_3,mmama29_1000_3,フレーバー1:ミックスベリー フレーバー2:抹茶 フレーバー2:抹茶
smarttanpaku1000_3,ymam30_1000_3,フレーバー1:ヨーグルト フレーバー2:抹茶 フレーバー2:ミックスベリー
smarttanpaku1000_3,yyy30_1000_3,フレーバー1:ヨーグルト フレーバー2:ヨーグルト フレーバー2:ヨーグルト
smarttanpaku1000_3,mamam30_1000_3,フレーバー1:抹茶 フレーバー2:抹茶 フレーバー2:ミックスベリー
smarttanpaku1000_3,maym30_1000_3,フレーバー1:抹茶 フレーバー2:ヨーグルト フレーバー2:ミックスベリー
smarttanpaku1000_3,mamama30_1000_3,フレーバー1:抹茶 フレーバー2:抹茶 フレーバー2:抹茶
smarttanpaku1000_3,mmam29_1000_3,フレーバー1:ミックスベリー フレーバー2:抹茶 フレーバー2:ミックスベリー
smarttanpaku1000_3,mamm30_1000_3,フレーバー1:抹茶 フレーバー2:ミックスベリー フレーバー2:ミックスベリー
smarttanpaku1000_3,mym29_1000_3,フレーバー1:ミックスベリー フレーバー2:ヨーグルト フレーバー2:ミックスベリー
smarttanpaku1000_3,myy29_1000_3,フレーバー1:ミックスベリー フレーバー2:ヨーグルト フレーバー2:ヨーグルト
smarttanpaku1000_3,ymma30_1000_3,フレーバー1:ヨーグルト フレーバー2:ミックスベリー フレーバー2:抹茶
smarttanpaku1000_3,mamma30_1000_3,フレーバー1:抹茶 フレーバー2:ミックスベリー フレーバー2:抹茶
smarttanpaku1000_3,mamy30_1000_3,フレーバー1:抹茶 フレーバー2:ミックスベリー フレーバー2:ヨーグルト
smarttanpaku1000_3,mmay29_1000_3,フレーバー1:ミックスベリー フレーバー2:抹茶 フレーバー2:ヨーグルト
smarttanpaku1000_3,ymama30_1000_3,フレーバー1:ヨーグルト フレーバー2:抹茶 フレーバー2:抹茶
smarttanpaku1000_3,myma29_1000_3,フレーバー1:ミックスベリー フレーバー2:ヨーグルト フレーバー2:抹茶
smarttanpaku1000_3,ymay30_1000_3,フレーバー1:ヨーグルト フレーバー2:抹茶 フレーバー2:ヨーグルト
smarttanpaku1000_3,mamay30_1000_3,フレーバー1:抹茶 フレーバー2:抹茶 フレーバー2:ヨーグルト
smarttanpaku1000_3,mmma29_1000_3,フレーバー1:ミックスベリー フレーバー2:ミックスベリー フレーバー2:抹茶
smarttanpaku1000_3,yyma30_1000_3,フレーバー1:ヨーグルト フレーバー2:ヨーグルト フレーバー2:抹茶
smarttanpaku1000_3,mayma30_1000_3,フレーバー1:抹茶 フレーバー2:ヨーグルト フレーバー2:抹茶
smarttanpaku1000_3,yym30_1000_3,フレーバー1:ヨーグルト フレーバー2:ヨーグルト フレーバー2:ミックスベリー
smarttanpaku1000_3-ss,ymy30_1000_3,フレーバー1:ヨーグルト フレーバー2:ミックスベリー フレーバー2:ヨーグルト
smarttanpaku1000_3-ss,ymm30_1000_3,フレーバー1:ヨーグルト フレーバー2:ミックスベリー フレーバー2:ミックスベリー
smarttanpaku1000_3-ss,mayy30_1000_3,フレーバー1:抹茶 フレーバー2:ヨーグルト フレーバー2:ヨーグルト
smarttanpaku1000_3-ss,mmm29_1000_3,フレーバー1:ミックスベリー フレーバー2:ミックスベリー フレーバー2:ミックスベリー
smarttanpaku1000_3-ss,mmy29_1000_3,フレーバー1:ミックスベリー フレーバー2:ミックスベリー フレーバー2:ヨーグルト
smarttanpaku1000_3-ss,mmama29_1000_3,フレーバー1:ミックスベリー フレーバー2:抹茶 フレーバー2:抹茶
smarttanpaku1000_3-ss,ymam30_1000_3,フレーバー1:ヨーグルト フレーバー2:抹茶 フレーバー2:ミックスベリー
smarttanpaku1000_3-ss,yyy30_1000_3,フレーバー1:ヨーグルト フレーバー2:ヨーグルト フレーバー2:ヨーグルト
smarttanpaku1000_3-ss,mamam30_1000_3,フレーバー1:抹茶 フレーバー2:抹茶 フレーバー2:ミックスベリー
smarttanpaku1000_3-ss,maym30_1000_3,フレーバー1:抹茶 フレーバー2:ヨーグルト フレーバー2:ミックスベリー
smarttanpaku1000_3-ss,mamama30_1000_3,フレーバー1:抹茶 フレーバー2:抹茶 フレーバー2:抹茶
smarttanpaku1000_3-ss,mmam29_1000_3,フレーバー1:ミックスベリー フレーバー2:抹茶 フレーバー2:ミックスベリー
smarttanpaku1000_3-ss,mamm30_1000_3,フレーバー1:抹茶 フレーバー2:ミックスベリー フレーバー2:ミックスベリー
smarttanpaku1000_3-ss,mym29_1000_3,フレーバー1:ミックスベリー フレーバー2:ヨーグルト フレーバー2:ミックスベリー
smarttanpaku1000_3-ss,myy29_1000_3,フレーバー1:ミックスベリー フレーバー2:ヨーグルト フレーバー2:ヨーグルト
smarttanpaku1000_3-ss,ymma30_1000_3,フレーバー1:ヨーグルト フレーバー2:ミックスベリー フレーバー2:抹茶
smarttanpaku1000_3-ss,mamma30_1000_3,フレーバー1:抹茶 フレーバー2:ミックスベリー フレーバー2:抹茶
smarttanpaku1000_3-ss,mamy30_1000_3,フレーバー1:抹茶 フレーバー2:ミックスベリー フレーバー2:ヨーグルト
smarttanpaku1000_3-ss,mmay29_1000_3,フレーバー1:ミックスベリー フレーバー2:抹茶 フレーバー2:ヨーグルト
smarttanpaku1000_3-ss,ymama30_1000_3,フレーバー1:ヨーグルト フレーバー2:抹茶 フレーバー2:抹茶
smarttanpaku1000_3-ss,myma29_1000_3,フレーバー1:ミックスベリー フレーバー2:ヨーグルト フレーバー2:抹茶
smarttanpaku1000_3-ss,ymay30_1000_3,フレーバー1:ヨーグルト フレーバー2:抹茶 フレーバー2:ヨーグルト
smarttanpaku1000_3-ss,mamay30_1000_3,フレーバー1:抹茶 フレーバー2:抹茶 フレーバー2:ヨーグルト
smarttanpaku1000_3-ss,mmma29_1000_3,フレーバー1:ミックスベリー フレーバー2:ミックスベリー フレーバー2:抹茶
smarttanpaku1000_3-ss,yyma30_1000_3,フレーバー1:ヨーグルト フレーバー2:ヨーグルト フレーバー2:抹茶
smarttanpaku1000_3-ss,mayma30_1000_3,フレーバー1:抹茶 フレーバー2:ヨーグルト フレーバー2:抹茶
smarttanpaku1000_3-ss,yym30_1000_3,フレーバー1:ヨーグルト フレーバー2:ヨーグルト フレーバー2:ミックスベリー
smarttanpaku800_2,smarttanpaku800_2-yog-mix,フレーバー1:ヨーグルト フレーバー2:ミックスベリー
smarttanpaku800_2,smarttanpaku800_2-yog-mat,フレーバー1:ヨーグルト フレーバー2:抹茶
smarttanpaku800_2,smarttanpaku800_2-caf-mat,フレーバー1:カフェオレ フレーバー2:抹茶
smarttanpaku800_2,smarttanpaku800_2-mat-mix,フレーバー1:抹茶 フレーバー2:ミックスベリー
smarttanpaku800_2,smarttanpaku800_2-yog-yog,フレーバー1:ヨーグルト フレーバー2:ヨーグルト
smarttanpaku800_2,smarttanpaku800_2-caf-mix,フレーバー1:カフェオレ フレーバー2:ミックスベリー
smarttanpaku800_2,smarttanpaku800_2-mat-mat,フレーバー1:抹茶 フレーバー2:抹茶
smarttanpaku800_2,smarttanpaku800_2-cho-caf,フレーバー1:チョコレート フレーバー2:カフェオレ
smarttanpaku800_2,smarttanpaku800_2-yog-cho,フレーバー1:ヨーグルト フレーバー2:チョコレート
smarttanpaku800_2,smarttanpaku800_2-mat-caf,フレーバー1:抹茶 フレーバー2:カフェオレ
smarttanpaku800_2,smarttanpaku800_2-mix-cho,フレーバー1:ミックスベリー フレーバー2:チョコレート
smarttanpaku800_2,smarttanpaku800_2-cho-yog,フレーバー1:チョコレート フレーバー2:ヨーグルト
smarttanpaku800_2,smarttanpaku800_2-mat-yog,フレーバー1:抹茶 フレーバー2:ヨーグルト
smarttanpaku800_2,smarttanpaku800_2-caf-cho,フレーバー1:カフェオレ フレーバー2:チョコレート
smarttanpaku800_2,smarttanpaku800_2-caf-caf,フレーバー1:カフェオレ フレーバー2:カフェオレ
smarttanpaku800_2,smarttanpaku800_2-mix-mix,フレーバー1:ミックスベリー フレーバー2:ミックスベリー
smarttanpaku800_2,smarttanpaku800_2-cho-mix,フレーバー1:チョコレート フレーバー2:ミックスベリー
smarttanpaku800_2,smarttanpaku800_2-caf-yog,フレーバー1:カフェオレ フレーバー2:ヨーグルト
smarttanpaku800_2,smarttanpaku800_2-mix-mat,フレーバー1:ミックスベリー フレーバー2:抹茶
smarttanpaku800_2,smarttanpaku800_2-cho-mat,フレーバー1:チョコレート フレーバー2:抹茶
smarttanpaku800_2,smarttanpaku800_2-mix-caf,フレーバー1:ミックスベリー フレーバー2:カフェオレ
smarttanpaku800_2,smarttanpaku800_2-cho-cho,フレーバー1:チョコレート フレーバー2:チョコレート
smarttanpaku800_2,smarttanpaku800_2-mix-yog,フレーバー1:ミックスベリー フレーバー2:ヨーグルト
smarttanpaku800_2,smarttanpaku800_2-mat-cho,フレーバー1:抹茶 フレーバー2:チョコレート
smarttanpaku800_2,smarttanpaku800_2-yog-caf,フレーバー1:ヨーグルト フレーバー2:カフェオレ
smarttanpaku800_2-ss,smarttanpaku800_2-yog-mix,フレーバー1:ヨーグルト フレーバー2:ミックスベリー
smarttanpaku800_2-ss,smarttanpaku800_2-yog-mat,フレーバー1:ヨーグルト フレーバー2:抹茶
smarttanpaku800_2-ss,smarttanpaku800_2-caf-mat,フレーバー1:カフェオレ フレーバー2:抹茶
smarttanpaku800_2-ss,smarttanpaku800_2-mat-mix,フレーバー1:抹茶 フレーバー2:ミックスベリー
smarttanpaku800_2-ss,smarttanpaku800_2-yog-yog,フレーバー1:ヨーグルト フレーバー2:ヨーグルト
smarttanpaku800_2-ss,smarttanpaku800_2-caf-mix,フレーバー1:カフェオレ フレーバー2:ミックスベリー
smarttanpaku800_2-ss,smarttanpaku800_2-mat-mat,フレーバー1:抹茶 フレーバー2:抹茶
smarttanpaku800_2-ss,smarttanpaku800_2-cho-caf,フレーバー1:チョコレート フレーバー2:カフェオレ
smarttanpaku800_2-ss,smarttanpaku800_2-yog-cho,フレーバー1:ヨーグルト フレーバー2:チョコレート
smarttanpaku800_2-ss,smarttanpaku800_2-mat-caf,フレーバー1:抹茶 フレーバー2:カフェオレ
smarttanpaku800_2-ss,smarttanpaku800_2-mix-cho,フレーバー1:ミックスベリー フレーバー2:チョコレート
smarttanpaku800_2-ss,smarttanpaku800_2-cho-yog,フレーバー1:チョコレート フレーバー2:ヨーグルト
smarttanpaku800_2-ss,smarttanpaku800_2-mat-yog,フレーバー1:抹茶 フレーバー2:ヨーグルト
smarttanpaku800_2-ss,smarttanpaku800_2-caf-cho,フレーバー1:カフェオレ フレーバー2:チョコレート
smarttanpaku800_2-ss,smarttanpaku800_2-caf-caf,フレーバー1:カフェオレ フレーバー2:カフェオレ
smarttanpaku800_2-ss,smarttanpaku800_2-mix-mix,フレーバー1:ミックスベリー フレーバー2:ミックスベリー
smarttanpaku800_2-ss,smarttanpaku800_2-cho-mix,フレーバー1:チョコレート フレーバー2:ミックスベリー
smarttanpaku800_2-ss,smarttanpaku800_2-caf-yog,フレーバー1:カフェオレ フレーバー2:ヨーグルト
smarttanpaku800_2-ss,smarttanpaku800_2-mix-mat,フレーバー1:ミックスベリー フレーバー2:抹茶
smarttanpaku800_2-ss,smarttanpaku800_2-cho-mat,フレーバー1:チョコレート フレーバー2:抹茶
smarttanpaku800_2-ss,smarttanpaku800_2-mix-caf,フレーバー1:ミックスベリー フレーバー2:カフェオレ
smarttanpaku800_2-ss,smarttanpaku800_2-cho-cho,フレーバー1:チョコレート フレーバー2:チョコレート
smarttanpaku800_2-ss,smarttanpaku800_2-mix-yog,フレーバー1:ミックスベリー フレーバー2:ヨーグルト
smarttanpaku800_2-ss,smarttanpaku800_2-mat-cho,フレーバー1:抹茶 フレーバー2:チョコレート
smarttanpaku800_2-ss,smarttanpaku800_2-yog-caf,フレーバー1:ヨーグルト フレーバー2:カフェオレ
smarttanpaku800_2s,matcha-yogurt21,フレーバー:抹茶 フレーバー:ヨーグルト シェイカー:シェイカー
smarttanpaku800_2s,choco-mixb18,フレーバー:チョコレート フレーバー:ミックスベリー シェイカー:シェイカー
smarttanpaku800_2s,yogurt-matcha20,フレーバー:ヨーグルト フレーバー:抹茶 シェイカー:シェイカー
smarttanpaku800_2s,mix-cafe19,フレーバー:ミックスベリー フレーバー:カフェオレ シェイカー:シェイカー
smarttanpaku800_2s,cafe-cafe20,フレーバー:カフェオレ フレーバー:カフェオレ シェイカー:シェイカー
smarttanpaku800_2s,choco-yogurt18,フレーバー:チョコレート フレーバー:ヨーグルト シェイカー:シェイカー
smarttanpaku800_2s,matcha-matcha21,フレーバー:抹茶 フレーバー:抹茶 シェイカー:シェイカー
smarttanpaku800_2s,cafe-choco20,フレーバー:カフェオレ フレーバー:チョコレート シェイカー:シェイカー
smarttanpaku800_2s,yogurt-mix20,フレーバー:ヨーグルト フレーバー:ミックスベリー シェイカー:シェイカー
smarttanpaku800_2s,choco-cafe18,フレーバー:チョコレート フレーバー:カフェオレ シェイカー:シェイカー
smarttanpaku800_2s,mix-matcha19,フレーバー:ミックスベリー フレーバー:抹茶 シェイカー:シェイカー
smarttanpaku800_2s,matcha-cafe21,フレーバー:抹茶 フレーバー:カフェオレ シェイカー:シェイカー
smarttanpaku800_2s,cafe-matcha20,フレーバー:カフェオレ フレーバー:抹茶 シェイカー:シェイカー
smarttanpaku800_2s,matcha-choco21,フレーバー:抹茶 フレーバー:チョコレート シェイカー:シェイカー
smarttanpaku800_2s,mix-yogurt19,フレーバー:ミックスベリー フレーバー:ヨーグルト シェイカー:シェイカー
smarttanpaku800_2s,matcha-mix21,フレーバー:抹茶 フレーバー:ミックスベリー シェイカー:シェイカー
smarttanpaku800_2s,cafe-yogurt20,フレーバー:カフェオレ フレーバー:ヨーグルト シェイカー:シェイカー
smarttanpaku800_2s,yogurt-yogurt20,フレーバー:ヨーグルト フレーバー:ヨーグルト シェイカー:シェイカー
smarttanpaku800_2s,choco-matcha18,フレーバー:チョコレート フレーバー:抹茶 シェイカー:シェイカー
smarttanpaku800_2s,choco-choco18,フレーバー:チョコレート フレーバー:チョコレート シェイカー:シェイカー
smarttanpaku800_2s,mix-mix19,フレーバー:ミックスベリー フレーバー:ミックスベリー シェイカー:シェイカー
smarttanpaku800_2s,cafe-mix20,フレーバー:カフェオレ フレーバー:ミックスベリー シェイカー:シェイカー
smarttanpaku800_2s,yogurt-choco20,フレーバー:ヨーグルト フレーバー:チョコレート シェイカー:シェイカー
smarttanpaku800_2s,yogurt-cafe20,フレーバー:ヨーグルト フレーバー:カフェオレ シェイカー:シェイカー
smarttanpaku800_2s,mix-choco19,フレーバー:ミックスベリー フレーバー:チョコレート シェイカー:シェイカー
smarttanpaku800_3,smarttanpaku800_3-cho-yog-mix,フレーバー1:チョコレート フレーバー2:ヨーグルト フレーバー3:ミックスベリー
smarttanpaku800_3,smarttanpaku800_3-caf-mat-yog,フレーバー1:カフェオレ フレーバー2:抹茶 フレーバー3:ヨーグルト
smarttanpaku800_3,smarttanpaku800_3-cho-yog-mat,フレーバー1:チョコレート フレーバー2:ヨーグルト フレーバー3:抹茶
smarttanpaku800_3,smarttanpaku800_3-cho-caf-mat,フレーバー1:チョコレート フレーバー2:カフェオレ フレーバー3:抹茶
smarttanpaku800_3,smarttanpaku800_3-mat-mix-yog,フレーバー1:抹茶 フレーバー2:ミックスベリー フレーバー3:ヨーグルト
smarttanpaku800_3,smarttanpaku800_3-caf-yog-caf,フレーバー1:カフェオレ フレーバー2:ヨーグルト フレーバー3:カフェオレ
smarttanpaku800_3,smarttanpaku800_3-cho-caf-mix,フレーバー1:チョコレート フレーバー2:カフェオレ フレーバー3:ミックスベリー
smarttanpaku800_3,smarttanpaku800_3-caf-cho-mat,フレーバー1:カフェオレ フレーバー2:チョコレート フレーバー3:抹茶
smarttanpaku800_3,smarttanpaku800_3-mix-yog-mix,フレーバー1:ミックスベリー フレーバー2:ヨーグルト フレーバー3:ミックスベリー
smarttanpaku800_3,smarttanpaku800_3-caf-cho-mix,フレーバー1:カフェオレ フレーバー2:チョコレート フレーバー3:ミックスベリー
smarttanpaku800_3,smarttanpaku800_3-mix-yog-mat,フレーバー1:ミックスベリー フレーバー2:ヨーグルト フレーバー3:抹茶
smarttanpaku800_3,smarttanpaku800_3-yog-mat-cho,フレーバー1:ヨーグルト フレーバー2:抹茶 フレーバー3:チョコレート
smarttanpaku800_3,smarttanpaku800_3-mat-mat-yog,フレーバー1:抹茶 フレーバー2:抹茶 フレーバー3:ヨーグルト
smarttanpaku800_3,smarttanpaku800_3-mix-mix-mix,フレーバー1:ミックスベリー フレーバー2:ミックスベリー フレーバー3:ミックスベリー
smarttanpaku800_3,smarttanpaku800_3-mix-caf-mat,フレーバー1:ミックスベリー フレーバー2:カフェオレ フレーバー3:抹茶
smarttanpaku800_3,smarttanpaku800_3-mix-mix-mat,フレーバー1:ミックスベリー フレーバー2:ミックスベリー フレーバー3:抹茶
smarttanpaku800_3,smarttanpaku800_3-mix-caf-mix,フレーバー1:ミックスベリー フレーバー2:カフェオレ フレーバー3:ミックスベリー
smarttanpaku800_3,smarttanpaku800_3-mix-cho-caf,フレーバー1:ミックスベリー フレーバー2:チョコレート フレーバー3:カフェオレ
smarttanpaku800_3,smarttanpaku800_3-mat-yog-caf,フレーバー1:抹茶 フレーバー2:ヨーグルト フレーバー3:カフェオレ
smarttanpaku800_3,smarttanpaku800_3-cho-cho-yog,フレーバー1:チョコレート フレーバー2:チョコレート フレーバー3:ヨーグルト
smarttanpaku800_3,smarttanpaku800_3-caf-yog-cho,フレーバー1:カフェオレ フレーバー2:ヨーグルト フレーバー3:チョコレート
smarttanpaku800_3,smarttanpaku800_3-mix-mat-cho,フレーバー1:ミックスベリー フレーバー2:抹茶 フレーバー3:チョコレート
smarttanpaku800_3,smarttanpaku800_3-yog-caf-mix,フレーバー1:ヨーグルト フレーバー2:カフェオレ フレーバー3:ミックスベリー
smarttanpaku800_3,smarttanpaku800_3-mat-caf-caf,フレーバー1:抹茶 フレーバー2:カフェオレ フレーバー3:カフェオレ
smarttanpaku800_3,smarttanpaku800_3-caf-caf-yog,フレーバー1:カフェオレ フレーバー2:カフェオレ フレーバー3:ヨーグルト
smarttanpaku800_3,smarttanpaku800_3-yog-cho-yog,フレーバー1:ヨーグルト フレーバー2:チョコレート フレーバー3:ヨーグルト
smarttanpaku800_3,smarttanpaku800_3-yog-yog-mat,フレーバー1:ヨーグルト フレーバー2:ヨーグルト フレーバー3:抹茶
smarttanpaku800_3,smarttanpaku800_3-mix-cho-cho,フレーバー1:ミックスベリー フレーバー2:チョコレート フレーバー3:チョコレート
smarttanpaku800_3,smarttanpaku800_3-yog-mix-cho,フレーバー1:ヨーグルト フレーバー2:ミックスベリー フレーバー3:チョコレート
smarttanpaku800_3,smarttanpaku800_3-yog-yog-mix,フレーバー1:ヨーグルト フレーバー2:ヨーグルト フレーバー3:ミックスベリー
smarttanpaku800_3,smarttanpaku800_3-yog-caf-mat,フレーバー1:ヨーグルト フレーバー2:カフェオレ フレーバー3:抹茶
smarttanpaku800_3,smarttanpaku800_3-mat-yog-cho,フレーバー1:抹茶 フレーバー2:ヨーグルト フレーバー3:チョコレート
smarttanpaku800_3,smarttanpaku800_3-mat-mix-caf,フレーバー1:抹茶 フレーバー2:ミックスベリー フレーバー3:カフェオレ
smarttanpaku800_3,smarttanpaku800_3-caf-yog-yog,フレーバー1:カフェオレ フレーバー2:ヨーグルト フレーバー3:ヨーグルト
smarttanpaku800_3,smarttanpaku800_3-mix-mix-cho,フレーバー1:ミックスベリー フレーバー2:ミックスベリー フレーバー3:チョコレート
smarttanpaku800_3,smarttanpaku800_3-mat-cho-caf,フレーバー1:抹茶 フレーバー2:チョコレート フレーバー3:カフェオレ
smarttanpaku800_3,smarttanpaku800_3-caf-mat-caf,フレーバー1:カフェオレ フレーバー2:抹茶 フレーバー3:カフェオレ
smarttanpaku800_3,smarttanpaku800_3-cho-cho-cho,フレーバー1:チョコレート フレーバー2:チョコレート フレーバー3:チョコレート
smarttanpaku800_3,smarttanpaku800_3-yog-mix-caf,フレーバー1:ヨーグルト フレーバー2:ミックスベリー フレーバー3:カフェオレ
smarttanpaku800_3,smarttanpaku800_3-cho-mix-cho,フレーバー1:チョコレート フレーバー2:ミックスベリー フレーバー3:チョコレート
smarttanpaku800_3,smarttanpaku800_3-yog-yog-caf,フレーバー1:ヨーグルト フレーバー2:ヨーグルト フレーバー3:カフェオレ
smarttanpaku800_3,smarttanpaku800_3-cho-mat-caf,フレーバー1:チョコレート フレーバー2:抹茶 フレーバー3:カフェオレ
smarttanpaku800_3,smarttanpaku800_3-mix-yog-yog,フレーバー1:ミックスベリー フレーバー2:ヨーグルト フレーバー3:ヨーグルト
smarttanpaku800_3,smarttanpaku800_3-cho-yog-cho,フレーバー1:チョコレート フレーバー2:ヨーグルト フレーバー3:チョコレート
smarttanpaku800_3,smarttanpaku800_3-caf-cho-yog,フレーバー1:カフェオレ フレーバー2:チョコレート フレーバー3:ヨーグルト
smarttanpaku800_3,smarttanpaku800_3-caf-mix-yog,フレーバー1:カフェオレ フレーバー2:ミックスベリー フレーバー3:ヨーグルト
smarttanpaku800_3,smarttanpaku800_3-mat-cho-cho,フレーバー1:抹茶 フレーバー2:チョコレート フレーバー3:チョコレート
smarttanpaku800_3,smarttanpaku800_3-mix-caf-cho,フレーバー1:ミックスベリー フレーバー2:カフェオレ フレーバー3:チョコレート
smarttanpaku800_3,smarttanpaku800_3-mat-mat-caf,フレーバー1:抹茶 フレーバー2:抹茶 フレーバー3:カフェオレ
smarttanpaku800_3,smarttanpaku800_3-mix-caf-caf,フレーバー1:ミックスベリー フレーバー2:カフェオレ フレーバー3:カフェオレ
smarttanpaku800_3,smarttanpaku800_3-yog-cho-caf,フレーバー1:ヨーグルト フレーバー2:チョコレート フレーバー3:カフェオレ
smarttanpaku800_3,smarttanpaku800_3-cho-cho-caf,フレーバー1:チョコレート フレーバー2:チョコレート フレーバー3:カフェオレ
smarttanpaku800_3,smarttanpaku800_3-yog-yog-cho,フレーバー1:ヨーグルト フレーバー2:ヨーグルト フレーバー3:チョコレート
smarttanpaku800_3,smarttanpaku800_3-cho-mix-caf,フレーバー1:チョコレート フレーバー2:ミックスベリー フレーバー3:カフェオレ
smarttanpaku800_3,smarttanpaku800_3-yog-mat-caf,フレーバー1:ヨーグルト フレーバー2:抹茶 フレーバー3:カフェオレ
smarttanpaku800_3,smarttanpaku800_3-cho-mat-cho,フレーバー1:チョコレート フレーバー2:抹茶 フレーバー3:チョコレート
smarttanpaku800_3,smarttanpaku800_3-mix-mat-mix,フレーバー1:ミックスベリー フレーバー2:抹茶 フレーバー3:ミックスベリー
smarttanpaku800_3,smarttanpaku800_3-caf-caf-mix,フレーバー1:カフェオレ フレーバー2:カフェオレ フレーバー3:ミックスベリー
smarttanpaku800_3,smarttanpaku800_3-mat-caf-yog,フレーバー1:抹茶 フレーバー2:カフェオレ フレーバー3:ヨーグルト
smarttanpaku800_3,smarttanpaku800_3-cho-caf-yog,フレーバー1:チョコレート フレーバー2:カフェオレ フレーバー3:ヨーグルト
smarttanpaku800_3,smarttanpaku800_3-mix-mat-mat,フレーバー1:ミックスベリー フレーバー2:抹茶 フレーバー3:抹茶
smarttanpaku800_3,smarttanpaku800_3-caf-caf-mat,フレーバー1:カフェオレ フレーバー2:カフェオレ フレーバー3:抹茶
smarttanpaku800_3,smarttanpaku800_3-mix-cho-mat,フレーバー1:ミックスベリー フレーバー2:チョコレート フレーバー3:抹茶
smarttanpaku800_3,smarttanpaku800_3-yog-mix-yog,フレーバー1:ヨーグルト フレーバー2:ミックスベリー フレーバー3:ヨーグルト
smarttanpaku800_3,smarttanpaku800_3-yog-caf-yog,フレーバー1:ヨーグルト フレーバー2:カフェオレ フレーバー3:ヨーグルト
smarttanpaku800_3,smarttanpaku800_3-mat-mat-cho,フレーバー1:抹茶 フレーバー2:抹茶 フレーバー3:チョコレート
smarttanpaku800_3,smarttanpaku800_3-mix-cho-mix,フレーバー1:ミックスベリー フレーバー2:チョコレート フレーバー3:ミックスベリー
smarttanpaku800_3,smarttanpaku800_3-mix-mat-yog,フレーバー1:ミックスベリー フレーバー2:抹茶 フレーバー3:ヨーグルト
smarttanpaku800_3,smarttanpaku800_3-mix-yog-caf,フレーバー1:ミックスベリー フレーバー2:ヨーグルト フレーバー3:カフェオレ
smarttanpaku800_3,smarttanpaku800_3-mat-cho-yog,フレーバー1:抹茶 フレーバー2:チョコレート フレーバー3:ヨーグルト
smarttanpaku800_3,smarttanpaku800_3-mat-yog-mat,フレーバー1:抹茶 フレーバー2:ヨーグルト フレーバー3:抹茶
smarttanpaku800_3,smarttanpaku800_3-yog-cho-cho,フレーバー1:ヨーグルト フレーバー2:チョコレート フレーバー3:チョコレート
smarttanpaku800_3,smarttanpaku800_3-cho-cho-mat,フレーバー1:チョコレート フレーバー2:チョコレート フレーバー3:抹茶
smarttanpaku800_3,smarttanpaku800_3-cho-cho-mix,フレーバー1:チョコレート フレーバー2:チョコレート フレーバー3:ミックスベリー
smarttanpaku800_3,smarttanpaku800_3-cho-mat-yog,フレーバー1:チョコレート フレーバー2:抹茶 フレーバー3:ヨーグルト
smarttanpaku800_3,smarttanpaku800_3-cho-caf-caf,フレーバー1:チョコレート フレーバー2:カフェオレ フレーバー3:カフェオレ
smarttanpaku800_3,smarttanpaku800_3-mix-mix-caf,フレーバー1:ミックスベリー フレーバー2:ミックスベリー フレーバー3:カフェオレ
smarttanpaku800_3,smarttanpaku800_3-mat-caf-mix,フレーバー1:抹茶 フレーバー2:カフェオレ フレーバー3:ミックスベリー
smarttanpaku800_3,smarttanpaku800_3-mat-caf-mat,フレーバー1:抹茶 フレーバー2:カフェオレ フレーバー3:抹茶
smarttanpaku800_3,smarttanpaku800_3-mat-mix-cho,フレーバー1:抹茶 フレーバー2:ミックスベリー フレーバー3:チョコレート
smarttanpaku800_3,smarttanpaku800_3-yog-mat-yog,フレーバー1:ヨーグルト フレーバー2:抹茶 フレーバー3:ヨーグルト
smarttanpaku800_3,smarttanpaku800_3-caf-mat-cho,フレーバー1:カフェオレ フレーバー2:抹茶 フレーバー3:チョコレート
smarttanpaku800_3,smarttanpaku800_3-caf-mix-mat,フレーバー1:カフェオレ フレーバー2:ミックスベリー フレーバー3:抹茶
smarttanpaku800_3,smarttanpaku800_3-mat-yog-mix,フレーバー1:抹茶 フレーバー2:ヨーグルト フレーバー3:ミックスベリー
smarttanpaku800_3,smarttanpaku800_3-caf-mix-mix,フレーバー1:カフェオレ フレーバー2:ミックスベリー フレーバー3:ミックスベリー
smarttanpaku800_3,smarttanpaku800_3-cho-mix-yog,フレーバー1:チョコレート フレーバー2:ミックスベリー フレーバー3:ヨーグルト
smarttanpaku800_3,smarttanpaku800_3-caf-cho-caf,フレーバー1:カフェオレ フレーバー2:チョコレート フレーバー3:カフェオレ
smarttanpaku800_3,smarttanpaku800_3-cho-yog-caf,フレーバー1:チョコレート フレーバー2:ヨーグルト フレーバー3:カフェオレ
smarttanpaku800_3,smarttanpaku800_3-cho-caf-cho,フレーバー1:チョコレート フレーバー2:カフェオレ フレーバー3:チョコレート
smarttanpaku800_3,smarttanpaku800_3-mix-mat-caf,フレーバー1:ミックスベリー フレーバー2:抹茶 フレーバー3:カフェオレ
smarttanpaku800_3,smarttanpaku800_3-caf-mix-cho,フレーバー1:カフェオレ フレーバー2:ミックスベリー フレーバー3:チョコレート
smarttanpaku800_3,smarttanpaku800_3-mat-mat-mat,フレーバー1:抹茶 フレーバー2:抹茶 フレーバー3:抹茶
smarttanpaku800_3,smarttanpaku800_3-yog-caf-caf,フレーバー1:ヨーグルト フレーバー2:カフェオレ フレーバー3:カフェオレ
smarttanpaku800_3,smarttanpaku800_3-caf-caf-cho,フレーバー1:カフェオレ フレーバー2:カフェオレ フレーバー3:チョコレート
smarttanpaku800_3,smarttanpaku800_3-mix-caf-yog,フレーバー1:ミックスベリー フレーバー2:カフェオレ フレーバー3:ヨーグルト
smarttanpaku800_3,smarttanpaku800_3-yog-cho-mat,フレーバー1:ヨーグルト フレーバー2:チョコレート フレーバー3:抹茶
smarttanpaku800_3,smarttanpaku800_3-yog-mix-mat,フレーバー1:ヨーグルト フレーバー2:ミックスベリー フレーバー3:抹茶
smarttanpaku800_3,smarttanpaku800_3-cho-mat-mix,フレーバー1:チョコレート フレーバー2:抹茶 フレーバー3:ミックスベリー
smarttanpaku800_3,smarttanpaku800_3-yog-cho-mix,フレーバー1:ヨーグルト フレーバー2:チョコレート フレーバー3:ミックスベリー
smarttanpaku800_3,smarttanpaku800_3-yog-mix-mix,フレーバー1:ヨーグルト フレーバー2:ミックスベリー フレーバー3:ミックスベリー
smarttanpaku800_3,smarttanpaku800_3-cho-mat-mat,フレーバー1:チョコレート フレーバー2:抹茶 フレーバー3:抹茶
smarttanpaku800_3,smarttanpaku800_3-caf-mat-mat,フレーバー1:カフェオレ フレーバー2:抹茶 フレーバー3:抹茶
smarttanpaku800_3,smarttanpaku800_3-mat-caf-cho,フレーバー1:抹茶 フレーバー2:カフェオレ フレーバー3:チョコレート
smarttanpaku800_3,smarttanpaku800_3-mix-cho-yog,フレーバー1:ミックスベリー フレーバー2:チョコレート フレーバー3:ヨーグルト
smarttanpaku800_3,smarttanpaku800_3-caf-mix-caf,フレーバー1:カフェオレ フレーバー2:ミックスベリー フレーバー3:カフェオレ
smarttanpaku800_3,smarttanpaku800_3-mat-cho-mix,フレーバー1:抹茶 フレーバー2:チョコレート フレーバー3:ミックスベリー
smarttanpaku800_3,smarttanpaku800_3-caf-cho-cho,フレーバー1:カフェオレ フレーバー2:チョコレート フレーバー3:チョコレート
smarttanpaku800_3,smarttanpaku800_3-mat-mat-mix,フレーバー1:抹茶 フレーバー2:抹茶 フレーバー3:ミックスベリー
smarttanpaku800_3,smarttanpaku800_3-yog-mat-mat,フレーバー1:ヨーグルト フレーバー2:抹茶 フレーバー3:抹茶
smarttanpaku800_3,smarttanpaku800_3-caf-mat-mix,フレーバー1:カフェオレ フレーバー2:抹茶 フレーバー3:ミックスベリー
smarttanpaku800_3,smarttanpaku800_3-mat-cho-mat,フレーバー1:抹茶 フレーバー2:チョコレート フレーバー3:抹茶
smarttanpaku800_3,smarttanpaku800_3-mix-yog-cho,フレーバー1:ミックスベリー フレーバー2:ヨーグルト フレーバー3:チョコレート
smarttanpaku800_3,smarttanpaku800_3-yog-caf-cho,フレーバー1:ヨーグルト フレーバー2:カフェオレ フレーバー3:チョコレート
smarttanpaku800_3,smarttanpaku800_3-cho-mix-mix,フレーバー1:チョコレート フレーバー2:ミックスベリー フレーバー3:ミックスベリー
smarttanpaku800_3,smarttanpaku800_3-yog-mat-mix,フレーバー1:ヨーグルト フレーバー2:抹茶 フレーバー3:ミックスベリー
smarttanpaku800_3,smarttanpaku800_3-cho-mix-mat,フレーバー1:チョコレート フレーバー2:ミックスベリー フレーバー3:抹茶
smarttanpaku800_3,smarttanpaku800_3-mix-mix-yog,フレーバー1:ミックスベリー フレーバー2:ミックスベリー フレーバー3:ヨーグルト
smarttanpaku800_3,smarttanpaku800_3-yog-yog-yog,フレーバー1:ヨーグルト フレーバー2:ヨーグルト フレーバー3:ヨーグルト
smarttanpaku800_3,smarttanpaku800_3-caf-caf-caf,フレーバー1:カフェオレ フレーバー2:カフェオレ フレーバー3:カフェオレ
smarttanpaku800_3,smarttanpaku800_3-caf-yog-mat,フレーバー1:カフェオレ フレーバー2:ヨーグルト フレーバー3:抹茶
smarttanpaku800_3,smarttanpaku800_3-cho-yog-yog,フレーバー1:チョコレート フレーバー2:ヨーグルト フレーバー3:ヨーグルト
smarttanpaku800_3,smarttanpaku800_3-mat-yog-yog,フレーバー1:抹茶 フレーバー2:ヨーグルト フレーバー3:ヨーグルト
smarttanpaku800_3,smarttanpaku800_3-caf-yog-mix,フレーバー1:カフェオレ フレーバー2:ヨーグルト フレーバー3:ミックスベリー
smarttanpaku800_3,smarttanpaku800_3-mat-mix-mat,フレーバー1:抹茶 フレーバー2:ミックスベリー フレーバー3:抹茶
smarttanpaku800_3,smarttanpaku800_3-mat-mix-mix,フレーバー1:抹茶 フレーバー2:ミックスベリー フレーバー3:ミックスベリー
smarttanpaku800_3-ss,smarttanpaku800_3-cho-yog-mix,フレーバー1:チョコレート フレーバー2:ヨーグルト フレーバー3:ミックスベリー
smarttanpaku800_3-ss,smarttanpaku800_3-caf-mat-yog,フレーバー1:カフェオレ フレーバー2:抹茶 フレーバー3:ヨーグルト
smarttanpaku800_3-ss,smarttanpaku800_3-cho-yog-mat,フレーバー1:チョコレート フレーバー2:ヨーグルト フレーバー3:抹茶
smarttanpaku800_3-ss,smarttanpaku800_3-cho-caf-mat,フレーバー1:チョコレート フレーバー2:カフェオレ フレーバー3:抹茶
smarttanpaku800_3-ss,smarttanpaku800_3-mat-mix-yog,フレーバー1:抹茶 フレーバー2:ミックスベリー フレーバー3:ヨーグルト
smarttanpaku800_3-ss,smarttanpaku800_3-caf-yog-caf,フレーバー1:カフェオレ フレーバー2:ヨーグルト フレーバー3:カフェオレ
smarttanpaku800_3-ss,smarttanpaku800_3-cho-caf-mix,フレーバー1:チョコレート フレーバー2:カフェオレ フレーバー3:ミックスベリー
smarttanpaku800_3-ss,smarttanpaku800_3-caf-cho-mat,フレーバー1:カフェオレ フレーバー2:チョコレート フレーバー3:抹茶
smarttanpaku800_3-ss,smarttanpaku800_3-mix-yog-mix,フレーバー1:ミックスベリー フレーバー2:ヨーグルト フレーバー3:ミックスベリー
smarttanpaku800_3-ss,smarttanpaku800_3-caf-cho-mix,フレーバー1:カフェオレ フレーバー2:チョコレート フレーバー3:ミックスベリー
smarttanpaku800_3-ss,smarttanpaku800_3-mix-yog-mat,フレーバー1:ミックスベリー フレーバー2:ヨーグルト フレーバー3:抹茶
smarttanpaku800_3-ss,smarttanpaku800_3-yog-mat-cho,フレーバー1:ヨーグルト フレーバー2:抹茶 フレーバー3:チョコレート
smarttanpaku800_3-ss,smarttanpaku800_3-mat-mat-yog,フレーバー1:抹茶 フレーバー2:抹茶 フレーバー3:ヨーグルト
smarttanpaku800_3-ss,smarttanpaku800_3-mix-mix-mix,フレーバー1:ミックスベリー フレーバー2:ミックスベリー フレーバー3:ミックスベリー
smarttanpaku800_3-ss,smarttanpaku800_3-mix-caf-mat,フレーバー1:ミックスベリー フレーバー2:カフェオレ フレーバー3:抹茶
smarttanpaku800_3-ss,smarttanpaku800_3-mix-mix-mat,フレーバー1:ミックスベリー フレーバー2:ミックスベリー フレーバー3:抹茶
smarttanpaku800_3-ss,smarttanpaku800_3-mix-caf-mix,フレーバー1:ミックスベリー フレーバー2:カフェオレ フレーバー3:ミックスベリー
smarttanpaku800_3-ss,smarttanpaku800_3-mix-cho-caf,フレーバー1:ミックスベリー フレーバー2:チョコレート フレーバー3:カフェオレ
smarttanpaku800_3-ss,smarttanpaku800_3-mat-yog-caf,フレーバー1:抹茶 フレーバー2:ヨーグルト フレーバー3:カフェオレ
smarttanpaku800_3-ss,smarttanpaku800_3-cho-cho-yog,フレーバー1:チョコレート フレーバー2:チョコレート フレーバー3:ヨーグルト
smarttanpaku800_3-ss,smarttanpaku800_3-caf-yog-cho,フレーバー1:カフェオレ フレーバー2:ヨーグルト フレーバー3:チョコレート
smarttanpaku800_3-ss,smarttanpaku800_3-mix-mat-cho,フレーバー1:ミックスベリー フレーバー2:抹茶 フレーバー3:チョコレート
smarttanpaku800_3-ss,smarttanpaku800_3-yog-caf-mix,フレーバー1:ヨーグルト フレーバー2:カフェオレ フレーバー3:ミックスベリー
smarttanpaku800_3-ss,smarttanpaku800_3-mat-caf-caf,フレーバー1:抹茶 フレーバー2:カフェオレ フレーバー3:カフェオレ
smarttanpaku800_3-ss,smarttanpaku800_3-caf-caf-yog,フレーバー1:カフェオレ フレーバー2:カフェオレ フレーバー3:ヨーグルト
smarttanpaku800_3-ss,smarttanpaku800_3-yog-cho-yog,フレーバー1:ヨーグルト フレーバー2:チョコレート フレーバー3:ヨーグルト
smarttanpaku800_3-ss,smarttanpaku800_3-yog-yog-mat,フレーバー1:ヨーグルト フレーバー2:ヨーグルト フレーバー3:抹茶
smarttanpaku800_3-ss,smarttanpaku800_3-mix-cho-cho,フレーバー1:ミックスベリー フレーバー2:チョコレート フレーバー3:チョコレート
smarttanpaku800_3-ss,smarttanpaku800_3-yog-mix-cho,フレーバー1:ヨーグルト フレーバー2:ミックスベリー フレーバー3:チョコレート
smarttanpaku800_3-ss,smarttanpaku800_3-yog-yog-mix,フレーバー1:ヨーグルト フレーバー2:ヨーグルト フレーバー3:ミックスベリー
smarttanpaku800_3-ss,smarttanpaku800_3-yog-caf-mat,フレーバー1:ヨーグルト フレーバー2:カフェオレ フレーバー3:抹茶
smarttanpaku800_3-ss,smarttanpaku800_3-mat-yog-cho,フレーバー1:抹茶 フレーバー2:ヨーグルト フレーバー3:チョコレート
smarttanpaku800_3-ss,smarttanpaku800_3-mat-mix-caf,フレーバー1:抹茶 フレーバー2:ミックスベリー フレーバー3:カフェオレ
smarttanpaku800_3-ss,smarttanpaku800_3-caf-yog-yog,フレーバー1:カフェオレ フレーバー2:ヨーグルト フレーバー3:ヨーグルト
smarttanpaku800_3-ss,smarttanpaku800_3-mix-mix-cho,フレーバー1:ミックスベリー フレーバー2:ミックスベリー フレーバー3:チョコレート
smarttanpaku800_3-ss,smarttanpaku800_3-mat-cho-caf,フレーバー1:抹茶 フレーバー2:チョコレート フレーバー3:カフェオレ
smarttanpaku800_3-ss,smarttanpaku800_3-caf-mat-caf,フレーバー1:カフェオレ フレーバー2:抹茶 フレーバー3:カフェオレ
smarttanpaku800_3-ss,smarttanpaku800_3-cho-cho-cho,フレーバー1:チョコレート フレーバー2:チョコレート フレーバー3:チョコレート
smarttanpaku800_3-ss,smarttanpaku800_3-yog-mix-caf,フレーバー1:ヨーグルト フレーバー2:ミックスベリー フレーバー3:カフェオレ
smarttanpaku800_3-ss,smarttanpaku800_3-cho-mix-cho,フレーバー1:チョコレート フレーバー2:ミックスベリー フレーバー3:チョコレート
smarttanpaku800_3-ss,smarttanpaku800_3-yog-yog-caf,フレーバー1:ヨーグルト フレーバー2:ヨーグルト フレーバー3:カフェオレ
smarttanpaku800_3-ss,smarttanpaku800_3-cho-mat-caf,フレーバー1:チョコレート フレーバー2:抹茶 フレーバー3:カフェオレ
smarttanpaku800_3-ss,smarttanpaku800_3-mix-yog-yog,フレーバー1:ミックスベリー フレーバー2:ヨーグルト フレーバー3:ヨーグルト
smarttanpaku800_3-ss,smarttanpaku800_3-cho-yog-cho,フレーバー1:チョコレート フレーバー2:ヨーグルト フレーバー3:チョコレート
smarttanpaku800_3-ss,smarttanpaku800_3-caf-cho-yog,フレーバー1:カフェオレ フレーバー2:チョコレート フレーバー3:ヨーグルト
smarttanpaku800_3-ss,smarttanpaku800_3-caf-mix-yog,フレーバー1:カフェオレ フレーバー2:ミックスベリー フレーバー3:ヨーグルト
smarttanpaku800_3-ss,smarttanpaku800_3-mat-cho-cho,フレーバー1:抹茶 フレーバー2:チョコレート フレーバー3:チョコレート
smarttanpaku800_3-ss,smarttanpaku800_3-mix-caf-cho,フレーバー1:ミックスベリー フレーバー2:カフェオレ フレーバー3:チョコレート
smarttanpaku800_3-ss,smarttanpaku800_3-mat-mat-caf,フレーバー1:抹茶 フレーバー2:抹茶 フレーバー3:カフェオレ
smarttanpaku800_3-ss,smarttanpaku800_3-mix-caf-caf,フレーバー1:ミックスベリー フレーバー2:カフェオレ フレーバー3:カフェオレ
smarttanpaku800_3-ss,smarttanpaku800_3-yog-cho-caf,フレーバー1:ヨーグルト フレーバー2:チョコレート フレーバー3:カフェオレ
smarttanpaku800_3-ss,smarttanpaku800_3-cho-cho-caf,フレーバー1:チョコレート フレーバー2:チョコレート フレーバー3:カフェオレ
smarttanpaku800_3-ss,smarttanpaku800_3-yog-yog-cho,フレーバー1:ヨーグルト フレーバー2:ヨーグルト フレーバー3:チョコレート
smarttanpaku800_3-ss,smarttanpaku800_3-cho-mix-caf,フレーバー1:チョコレート フレーバー2:ミックスベリー フレーバー3:カフェオレ
smarttanpaku800_3-ss,smarttanpaku800_3-yog-mat-caf,フレーバー1:ヨーグルト フレーバー2:抹茶 フレーバー3:カフェオレ
smarttanpaku800_3-ss,smarttanpaku800_3-cho-mat-cho,フレーバー1:チョコレート フレーバー2:抹茶 フレーバー3:チョコレート
smarttanpaku800_3-ss,smarttanpaku800_3-mix-mat-mix,フレーバー1:ミックスベリー フレーバー2:抹茶 フレーバー3:ミックスベリー
smarttanpaku800_3-ss,smarttanpaku800_3-caf-caf-mix,フレーバー1:カフェオレ フレーバー2:カフェオレ フレーバー3:ミックスベリー
smarttanpaku800_3-ss,smarttanpaku800_3-mat-caf-yog,フレーバー1:抹茶 フレーバー2:カフェオレ フレーバー3:ヨーグルト
smarttanpaku800_3-ss,smarttanpaku800_3-cho-caf-yog,フレーバー1:チョコレート フレーバー2:カフェオレ フレーバー3:ヨーグルト
smarttanpaku800_3-ss,smarttanpaku800_3-mix-mat-mat,フレーバー1:ミックスベリー フレーバー2:抹茶 フレーバー3:抹茶
smarttanpaku800_3-ss,smarttanpaku800_3-caf-caf-mat,フレーバー1:カフェオレ フレーバー2:カフェオレ フレーバー3:抹茶
smarttanpaku800_3-ss,smarttanpaku800_3-mix-cho-mat,フレーバー1:ミックスベリー フレーバー2:チョコレート フレーバー3:抹茶
smarttanpaku800_3-ss,smarttanpaku800_3-yog-mix-yog,フレーバー1:ヨーグルト フレーバー2:ミックスベリー フレーバー3:ヨーグルト
smarttanpaku800_3-ss,smarttanpaku800_3-yog-caf-yog,フレーバー1:ヨーグルト フレーバー2:カフェオレ フレーバー3:ヨーグルト
smarttanpaku800_3-ss,smarttanpaku800_3-mat-mat-cho,フレーバー1:抹茶 フレーバー2:抹茶 フレーバー3:チョコレート
smarttanpaku800_3-ss,smarttanpaku800_3-mix-cho-mix,フレーバー1:ミックスベリー フレーバー2:チョコレート フレーバー3:ミックスベリー
smarttanpaku800_3-ss,smarttanpaku800_3-mix-mat-yog,フレーバー1:ミックスベリー フレーバー2:抹茶 フレーバー3:ヨーグルト
smarttanpaku800_3-ss,smarttanpaku800_3-mix-yog-caf,フレーバー1:ミックスベリー フレーバー2:ヨーグルト フレーバー3:カフェオレ
smarttanpaku800_3-ss,smarttanpaku800_3-mat-cho-yog,フレーバー1:抹茶 フレーバー2:チョコレート フレーバー3:ヨーグルト
smarttanpaku800_3-ss,smarttanpaku800_3-mat-yog-mat,フレーバー1:抹茶 フレーバー2:ヨーグルト フレーバー3:抹茶
smarttanpaku800_3-ss,smarttanpaku800_3-yog-cho-cho,フレーバー1:ヨーグルト フレーバー2:チョコレート フレーバー3:チョコレート
smarttanpaku800_3-ss,smarttanpaku800_3-cho-cho-mat,フレーバー1:チョコレート フレーバー2:チョコレート フレーバー3:抹茶
smarttanpaku800_3-ss,smarttanpaku800_3-cho-cho-mix,フレーバー1:チョコレート フレーバー2:チョコレート フレーバー3:ミックスベリー
smarttanpaku800_3-ss,smarttanpaku800_3-cho-mat-yog,フレーバー1:チョコレート フレーバー2:抹茶 フレーバー3:ヨーグルト
smarttanpaku800_3-ss,smarttanpaku800_3-cho-caf-caf,フレーバー1:チョコレート フレーバー2:カフェオレ フレーバー3:カフェオレ
smarttanpaku800_3-ss,smarttanpaku800_3-mix-mix-caf,フレーバー1:ミックスベリー フレーバー2:ミックスベリー フレーバー3:カフェオレ
smarttanpaku800_3-ss,smarttanpaku800_3-mat-caf-mix,フレーバー1:抹茶 フレーバー2:カフェオレ フレーバー3:ミックスベリー
smarttanpaku800_3-ss,smarttanpaku800_3-mat-caf-mat,フレーバー1:抹茶 フレーバー2:カフェオレ フレーバー3:抹茶
smarttanpaku800_3-ss,smarttanpaku800_3-mat-mix-cho,フレーバー1:抹茶 フレーバー2:ミックスベリー フレーバー3:チョコレート
smarttanpaku800_3-ss,smarttanpaku800_3-yog-mat-yog,フレーバー1:ヨーグルト フレーバー2:抹茶 フレーバー3:ヨーグルト
smarttanpaku800_3-ss,smarttanpaku800_3-caf-mat-cho,フレーバー1:カフェオレ フレーバー2:抹茶 フレーバー3:チョコレート
smarttanpaku800_3-ss,smarttanpaku800_3-caf-mix-mat,フレーバー1:カフェオレ フレーバー2:ミックスベリー フレーバー3:抹茶
smarttanpaku800_3-ss,smarttanpaku800_3-mat-yog-mix,フレーバー1:抹茶 フレーバー2:ヨーグルト フレーバー3:ミックスベリー
smarttanpaku800_3-ss,smarttanpaku800_3-caf-mix-mix,フレーバー1:カフェオレ フレーバー2:ミックスベリー フレーバー3:ミックスベリー
smarttanpaku800_3-ss,smarttanpaku800_3-cho-mix-yog,フレーバー1:チョコレート フレーバー2:ミックスベリー フレーバー3:ヨーグルト
smarttanpaku800_3-ss,smarttanpaku800_3-caf-cho-caf,フレーバー1:カフェオレ フレーバー2:チョコレート フレーバー3:カフェオレ
smarttanpaku800_3-ss,smarttanpaku800_3-cho-yog-caf,フレーバー1:チョコレート フレーバー2:ヨーグルト フレーバー3:カフェオレ
smarttanpaku800_3-ss,smarttanpaku800_3-cho-caf-cho,フレーバー1:チョコレート フレーバー2:カフェオレ フレーバー3:チョコレート
smarttanpaku800_3-ss,smarttanpaku800_3-mix-mat-caf,フレーバー1:ミックスベリー フレーバー2:抹茶 フレーバー3:カフェオレ
smarttanpaku800_3-ss,smarttanpaku800_3-caf-mix-cho,フレーバー1:カフェオレ フレーバー2:ミックスベリー フレーバー3:チョコレート
smarttanpaku800_3-ss,smarttanpaku800_3-mat-mat-mat,フレーバー1:抹茶 フレーバー2:抹茶 フレーバー3:抹茶
smarttanpaku800_3-ss,smarttanpaku800_3-yog-caf-caf,フレーバー1:ヨーグルト フレーバー2:カフェオレ フレーバー3:カフェオレ
smarttanpaku800_3-ss,smarttanpaku800_3-caf-caf-cho,フレーバー1:カフェオレ フレーバー2:カフェオレ フレーバー3:チョコレート
smarttanpaku800_3-ss,smarttanpaku800_3-mix-caf-yog,フレーバー1:ミックスベリー フレーバー2:カフェオレ フレーバー3:ヨーグルト
smarttanpaku800_3-ss,smarttanpaku800_3-yog-cho-mat,フレーバー1:ヨーグルト フレーバー2:チョコレート フレーバー3:抹茶
smarttanpaku800_3-ss,smarttanpaku800_3-yog-mix-mat,フレーバー1:ヨーグルト フレーバー2:ミックスベリー フレーバー3:抹茶
smarttanpaku800_3-ss,smarttanpaku800_3-cho-mat-mix,フレーバー1:チョコレート フレーバー2:抹茶 フレーバー3:ミックスベリー
smarttanpaku800_3-ss,smarttanpaku800_3-yog-cho-mix,フレーバー1:ヨーグルト フレーバー2:チョコレート フレーバー3:ミックスベリー
smarttanpaku800_3-ss,smarttanpaku800_3-yog-mix-mix,フレーバー1:ヨーグルト フレーバー2:ミックスベリー フレーバー3:ミックスベリー
smarttanpaku800_3-ss,smarttanpaku800_3-cho-mat-mat,フレーバー1:チョコレート フレーバー2:抹茶 フレーバー3:抹茶
smarttanpaku800_3-ss,smarttanpaku800_3-caf-mat-mat,フレーバー1:カフェオレ フレーバー2:抹茶 フレーバー3:抹茶
smarttanpaku800_3-ss,smarttanpaku800_3-mat-caf-cho,フレーバー1:抹茶 フレーバー2:カフェオレ フレーバー3:チョコレート
smarttanpaku800_3-ss,smarttanpaku800_3-mix-cho-yog,フレーバー1:ミックスベリー フレーバー2:チョコレート フレーバー3:ヨーグルト
smarttanpaku800_3-ss,smarttanpaku800_3-caf-mix-caf,フレーバー1:カフェオレ フレーバー2:ミックスベリー フレーバー3:カフェオレ
smarttanpaku800_3-ss,smarttanpaku800_3-mat-cho-mix,フレーバー1:抹茶 フレーバー2:チョコレート フレーバー3:ミックスベリー
smarttanpaku800_3-ss,smarttanpaku800_3-caf-cho-cho,フレーバー1:カフェオレ フレーバー2:チョコレート フレーバー3:チョコレート
smarttanpaku800_3-ss,smarttanpaku800_3-mat-mat-mix,フレーバー1:抹茶 フレーバー2:抹茶 フレーバー3:ミックスベリー
smarttanpaku800_3-ss,smarttanpaku800_3-yog-mat-mat,フレーバー1:ヨーグルト フレーバー2:抹茶 フレーバー3:抹茶
smarttanpaku800_3-ss,smarttanpaku800_3-caf-mat-mix,フレーバー1:カフェオレ フレーバー2:抹茶 フレーバー3:ミックスベリー
smarttanpaku800_3-ss,smarttanpaku800_3-mat-cho-mat,フレーバー1:抹茶 フレーバー2:チョコレート フレーバー3:抹茶
smarttanpaku800_3-ss,smarttanpaku800_3-mix-yog-cho,フレーバー1:ミックスベリー フレーバー2:ヨーグルト フレーバー3:チョコレート
smarttanpaku800_3-ss,smarttanpaku800_3-yog-caf-cho,フレーバー1:ヨーグルト フレーバー2:カフェオレ フレーバー3:チョコレート
smarttanpaku800_3-ss,smarttanpaku800_3-cho-mix-mix,フレーバー1:チョコレート フレーバー2:ミックスベリー フレーバー3:ミックスベリー
smarttanpaku800_3-ss,smarttanpaku800_3-yog-mat-mix,フレーバー1:ヨーグルト フレーバー2:抹茶 フレーバー3:ミックスベリー
smarttanpaku800_3-ss,smarttanpaku800_3-cho-mix-mat,フレーバー1:チョコレート フレーバー2:ミックスベリー フレーバー3:抹茶
smarttanpaku800_3-ss,smarttanpaku800_3-mix-mix-yog,フレーバー1:ミックスベリー フレーバー2:ミックスベリー フレーバー3:ヨーグルト
smarttanpaku800_3-ss,smarttanpaku800_3-yog-yog-yog,フレーバー1:ヨーグルト フレーバー2:ヨーグルト フレーバー3:ヨーグルト
smarttanpaku800_3-ss,smarttanpaku800_3-caf-caf-caf,フレーバー1:カフェオレ フレーバー2:カフェオレ フレーバー3:カフェオレ
smarttanpaku800_3-ss,smarttanpaku800_3-caf-yog-mat,フレーバー1:カフェオレ フレーバー2:ヨーグルト フレーバー3:抹茶
smarttanpaku800_3-ss,smarttanpaku800_3-cho-yog-yog,フレーバー1:チョコレート フレーバー2:ヨーグルト フレーバー3:ヨーグルト
smarttanpaku800_3-ss,smarttanpaku800_3-mat-yog-yog,フレーバー1:抹茶 フレーバー2:ヨーグルト フレーバー3:ヨーグルト
smarttanpaku800_3-ss,smarttanpaku800_3-caf-yog-mix,フレーバー1:カフェオレ フレーバー2:ヨーグルト フレーバー3:ミックスベリー
smarttanpaku800_3-ss,smarttanpaku800_3-mat-mix-mat,フレーバー1:抹茶 フレーバー2:ミックスベリー フレーバー3:抹茶
smarttanpaku800_3-ss,smarttanpaku800_3-mat-mix-mix,フレーバー1:抹茶 フレーバー2:ミックスベリー フレーバー3:ミックスベリー
smarttanpaku800_idenshi,mixberry-idenshi,フレーバー:ミックスベリー 遺伝子検査キット:遺伝子検査キット
smarttanpaku800_idenshi,choco-idenshi,フレーバー:チョコレート 遺伝子検査キット:遺伝子検査キット
smarttanpaku800_idenshi,cafe-idenshi,フレーバー:カフェオレ 遺伝子検査キット:遺伝子検査キット
smarttanpaku800_idenshi,mattcha-idenshi,フレーバー:抹茶 遺伝子検査キット:遺伝子検査キット
smarttanpaku800_idenshi,yogurt-idenshi,フレーバー:ヨーグルト 遺伝子検査キット:遺伝子検査キット
smarttanpaku800_idenshi_shaker,mixberry-shaker-idenshi,プロテインのフレーバー:ミックスベリー シェイカー:シェイカー 遺伝子検査キット:遺伝子検査キット
smarttanpaku800_idenshi_shaker,choco-shaker-idenshi,プロテインのフレーバー:チョコレート シェイカー:シェイカー 遺伝子検査キット:遺伝子検査キット
smarttanpaku800_idenshi_shaker,mattcha-shaker-idenshi,プロテインのフレーバー:抹茶 シェイカー:シェイカー 遺伝子検査キット:遺伝子検査キット
smarttanpaku800_idenshi_shaker,yogurt-shaker-idenshi,プロテインのフレーバー:ヨーグルト シェイカー:シェイカー 遺伝子検査キット:遺伝子検査キット
smarttanpaku800_idenshi_shaker,cafe-shaker-idenshi,プロテインのフレーバー:カフェオレ シェイカー:シェイカー 遺伝子検査キット:遺伝子検査キット
smarttanpaku800_teiki,pmixedberries18_teiki,フレーバー:ミックスベリー
smarttanpaku800_teiki,pchocolate20_teiki,フレーバー:チョコレート
smarttanpaku800_teiki,pcafeaulait21_teiki,フレーバー:カフェオレ
smarttanpaku800_teiki,pmattcha22_teiki,フレーバー:抹茶
smarttanpaku800_teiki,pyogurt19_teiki,フレーバー:ヨーグルト
smarttanpaku_1,pchocolate10_1,種類:チョコレート
smarttanpaku_1,pyogurt12_1,種類:ヨーグルト
smarttanpaku_trial,smarttanpaku_trial,
test-001,test-sku-01,種類:テストSKU-01
test-001,test-sku-02,種類:テストSKU-02
